{"IcoMoonType":"selection","icons":[{"icon":{"paths":["M-0.005 0l896.002 1024 896.003-1024h-298.655l-597.338 682.668-597.335-682.668h-298.677z"],"attrs":[{"fill":"rgb(255, 255, 255)"}],"width":1792,"isMulticolor":false,"isMulticolor2":false,"grid":0,"tags":["Subtract (2)"]},"attrs":[{"fill":"rgb(255, 255, 255)"}],"properties":{"order":4,"id":0,"name":"Subtract-2","prevSize":32,"code":59648},"setIdx":0,"setId":2,"iconIdx":0}],"height":1024,"metadata":{"name":"icomoon"},"preferences":{"showGlyphs":true,"showQuickUse":true,"showQuickUse2":true,"showSVGs":true,"fontPref":{"prefix":"icon-","metadata":{"fontFamily":"icomoon","majorVersion":1,"minorVersion":0},"metrics":{"emSize":1024,"baseline":6.25,"whitespace":50},"embed":false,"showSelector":true,"showMetrics":true,"showMetadata":false},"imagePref":{"prefix":"icon-","png":true,"useClassSelector":true,"color":0,"bgColor":16777215,"classSelector":".icon"},"historySize":50,"showCodes":true,"gridSize":16}}